INSERT INTO projects (id, title, category, funding_goal, start_date, end_date) VALUES
  (1, 'Sanford, Marquardt and Zieme', 'Medical/Dental Instruments', 67114.96, '11/13/2018', '4/7/2019'),
  (2, 'Weber and Sons', 'n/a', 34407.39, '9/19/2018', '6/14/2019'),
  (3, 'O''Keefe, Lebsack and Wilderman', 'Savings Institutions', 89839.79, '3/12/2018', '5/29/2019'),
  (4, 'Pfannerstill, Gibson and Reinger', 'Other Specialty Stores', 94020.62, '11/21/2018', '5/28/2019'),
  (5, 'Gibson, Kuphal and Walsh', 'n/a', 91432.75, '2/9/2018', '11/8/2019'),
  (6, 'Jacobson Inc', 'Aerospace', 5416.87, '7/7/2018', '2/2/2019'),
  (7, 'Satterfield Group', 'n/a', 75124.10, '12/18/2018', '10/9/2019'),
  (8, 'Toy Inc', 'Precious Metals', 13979.16, '6/28/2018', '11/11/2019'),
  (9, 'Quigley-Simonis', 'Coal Mining', 1277.71, '6/18/2018', '2/24/2019'),
  (10, 'Haley, Emard and O''Hara', 'Real Estate Investment Trusts', 42465.76, '7/9/2018', '8/13/2019');

INSERT INTO users (id, name, age) VALUES
  (1, 'Trueman Cominoli', 26),
  (2, 'Clevie Castanho', 33),
  (3, 'Ambur Ferrand', 48),
  (4, 'Durante Sanpher', 26),
  (5, 'Livvyy Robrose', 47),
  (6, 'Dael Quadling', 44),
  (7, 'Rolfe Lind', 34),
  (8, 'Any Bunton', 74),
  (9, 'Alberta O''Cannavan', 43),
  (10, 'Baxie Heathcoat', 73),
  (11, 'Hilliary Minguet', 61),
  (12, 'Ronnie Patron', 59),
  (13, 'Dorothy Sunshine', 22),
  (14, 'Chad Wozencroft', 19),
  (15, 'Tomasina Abrashkin', 51),
  (16, 'Rozanna Short', 37),
  (17, 'Gauthier Ponte', 53),
  (18, 'Elana Arendsen', 19),
  (19, 'Jaimie Grinyakin', 69),
  (20, 'Emmanuel McEneny', 50);

INSERT INTO pledges (id, amount, user_id, project_id) VALUES
  (1, 460.64, 10, 7),
  (2, 323.54, 4, 8),
  (3, 305.74, 14, 3),
  (4, 338.85, 15, 6),
  (5, 30.57, 7, 3),
  (6, 489.81, 10, 9),
  (7, 548.82, 19, 1),
  (8, 461.06, 10, 5),
  (9, 783.56, 11, 4),
  (10, 640.64, 5, 4),
  (11, 628.76, 20, 10),
  (12, 700.74, 14, 4),
  (13, 576.74, 8, 5),
  (14, 118.49, 20, 9),
  (15, 464.36, 2, 9),
  (16, 699.13, 5, 1),
  (17, 47.49, 14, 8),
  (18, 785.61, 9, 5),
  (19, 186.37, 7, 7),
  (20, 334.63, 8, 5),
  (21, 899.46, 16, 8),
  (22, 713.28, 13, 8),
  (23, 126.11, 20, 3),
  (24, 25.83, 18, 3),
  (25, 571.50, 12, 3),
  (26, 627.32, 1, 2),
  (27, 542.18, 17, 8),
  (28, 609.08, 11, 8),
  (29, 133.79, 14, 10),
  (30, 342.56, 16, 9);
